{
	"credit": "Made with Blockbench",
	"texture_size": [48, 48],
	"textures": {
		"0": "cul:block/salt_pillar",
		"particle": "cul:block/salt_pillar"
	},
	"elements": [
		{
			"from": [4, 0, 4],
			"to": [12, 8, 12],
			"rotation": {"angle": -22.5, "axis": "y", "origin": [8, 12, 8]},
			"faces": {
				"north": {"uv": [5.33334, 7.66667, 8, 10.33333], "texture": "#0"},
				"east": {"uv": [5.33334, 7.66667, 8, 10.33333], "texture": "#0"},
				"south": {"uv": [5.33334, 7.66667, 8, 10.33333], "texture": "#0"},
				"west": {"uv": [5.33334, 7.66667, 8, 10.33333], "texture": "#0"},
				"up": {"uv": [5.33334, 7.66667, 8, 10.33333], "texture": "#0"},
				"down": {"uv": [5.33334, 7.66667, 8, 10.33333], "texture": "#0"}
			}
		},
		{
			"from": [4, 8, 4],
			"to": [12, 16, 12],
			"rotation": {"angle": 22.5, "axis": "y", "origin": [8, 12, 8]},
			"faces": {
				"north": {"uv": [5.33334, 7.66667, 8, 10.33333], "texture": "#0"},
				"east": {"uv": [5.33334, 7.66667, 8, 10.33333], "texture": "#0"},
				"south": {"uv": [5.33334, 7.66667, 8, 10.33333], "texture": "#0"},
				"west": {"uv": [5.33334, 7.66667, 8, 10.33333], "texture": "#0"},
				"up": {"uv": [5.33334, 7.66667, 8, 10.33333], "texture": "#0"},
				"down": {"uv": [5.33334, 7.66667, 8, 10.33333], "texture": "#0"}
			}
		}
	],
	"display": {
		"thirdperson_righthand": {
			"rotation": [75, 45, 0],
			"translation": [0, 2.5, 0],
			"scale": [0.375, 0.375, 0.375]
		},
		"thirdperson_lefthand": {
			"rotation": [75, 45, 0],
			"translation": [0, 2.5, 0],
			"scale": [0.375, 0.375, 0.375]
		},
		"firstperson_righthand": {
			"rotation": [0, 45, 0],
			"scale": [0.4, 0.4, 0.4]
		},
		"firstperson_lefthand": {
			"rotation": [0, 225, 0],
			"scale": [0.4, 0.4, 0.4]
		},
		"ground": {
			"rotation": [0, -180, 0],
			"translation": [0, 7.4, -6]
		},
		"gui": {
			"rotation": [30, 225, 0],
			"scale": [0.625, 0.625, 0.625]
		},
		"fixed": {
			"scale": [0.5, 0.5, 0.5]
		}
	}
}